[
  {
    "groupName": "Э-24-1",
    "pairs": [
      null,
      null,
      [
        "Нем язык",
        "Чермных",
        "603а"
      ],
      [
        "Химия",
        "Петрова",
        "104"
      ],
      [
        "Литература",
        "Созонова",
        "Нац театр УР"
      ],
      [
        "Литература",
        "Созонова",
        "Нац театр УР"
      ]
    ]
  },
  {
    "groupName": "Т-24-1",
    "pairs": [
      [
        "Родной язык",
        "Храмова",
        "Библиотека"
      ],
      [
        "Обществозн",
        "Ощепков",
        "108"
      ],
      [
        "Литература",
        "Созонова",
        "207"
      ],
      null,
      null,
      null
    ]
  },
  {
    "groupName": "И-24-1",
    "pairs": [
      [
        "Ин язык",
        "Тику/",
        "Сабурова/",
        "Чермных",
        "705/708/603а"
      ],
      [
        "Математика",
        "Соковикова",
        "702"
      ],
      [
        "Физика",
        "Занина",
        "206"
      ],
      [
        "Математика",
        "Соковикова",
        "702"
      ],
      null,
      null
    ]
  },
  {
    "groupName": "И-24-2п",
    "pairs": [
      [
        "Литература",
        "Созонова",
        "207"
      ],
      [
        "Родной язык",
        "Храмова",
        "Библиотека"
      ],
      [
        "Физика",
        "Занина",
        "202"
      ],
      [
        "Физика",
        "Занина",
        "206"
      ],
      null,
      null
    ]
  },
  {
    "groupName": "С-24-1п",
    "pairs": [
      [
        "Математика",
        "Соковикова",
        "702"
      ],
      [
        "Русский язык",
        "Плехова",
        "205"
      ],
      [
        "Англ язык",
        "Тику/",
        "Сабурова",
        "705/708"
      ],
      null,
      null,
      null
    ]
  },
  {
    "groupName": "В-24-1",
    "pairs": [
      [
        "ОБЗР",
        "Феденев",
        "708а"
      ],
      [
        "Математика",
        "Ошуркова",
        "703"
      ],
      [
        "Литература",
        "Плехова",
        "205"
      ],
      [
        "Физика",
        "Занина",
        "202"
      ],
      null,
      null
    ]
  },
  {
    "groupName": "О-24-1",
    "pairs": [
      [
        "Физика",
        "Занина",
        "202"
      ],
      [
        "ОБЗР",
        "Феденев",
        "708а"
      ],
      [
        "История",
        "Ощепков",
        "108"
      ],
      null,
      null,
      null
    ]
  },
  {
    "groupName": "З-24-1",
    "pairs": [
      [
        "Физкультура",
        "Кайгородов",
        "Спортзал"
      ],
      [
        "Физика",
        "Занина",
        "202"
      ],
      [
        "Математика",
        "Ошуркова",
        "703"
      ],
      [
        "ТУД",
        "Ефремова",
        "102"
      ],
      null,
      null
    ]
  },
  {
    "groupName": "ЭР-24-1",
    "pairs": [
      null,
      [
        "Тех черчение",
        "Петрова",
        "104"
      ],
      [
        "Англ язык",
        "Волкова/",
        "Варламова",
        "306а/208"
      ],
      [
        "Русский язык",
        "Плехова",
        "205"
      ],
      [
        "Математика",
        "Соковикова",
        "702"
      ],
      null
    ]
  },
  {
    "groupName": "Ю-24-1",
    "pairs": [
      [
        "Математика",
        "Тимошкин",
        "206"
      ],
      [
        "Обществозн",
        "Ефремова",
        "107"
      ],
      [
        "История",
        "Ефремова",
        "107"
      ],
      [
        "Нем язык",
        "Чермных",
        "603а"
      ],
      null,
      null
    ]
  },
  {
    "groupName": "Ю-24-2п",
    "pairs": [
      [
        "Обществозн",
        "Ефремова",
        "107"
      ],
      [
        "Математика",
        "Тимошкин",
        "206"
      ],
      [
        "Нем язык",
        "Чермных",
        "603а"
      ],
      [
        "Нем язык",
        "Чермных",
        "603а"
      ],
      null,
      null
    ]
  },
  {
    "groupName": "М-24-1",
    "pairs": [
      [
        "География",
        "Шахова",
        "108"
      ],
      [
        "Русский язык",
        "Созонова",
        "207"
      ],
      [
        "Математика",
        "Соковикова",
        "702"
      ],
      [
        "Литература",
        "Созонова",
        "207"
      ],
      null,
      null
    ]
  },
  {
    "groupName": "ЭР-23-1",
    "pairs": [
      [
        "Литература",
        "Зачет",
        "Плехова",
        "205"
      ],
      [
        "Физкультура",
        "Зачет",
        "Кайгородов",
        "Спортзал"
      ],
      null,
      null,
      null,
      null
    ]
  },
  {
    "groupName": "Э-23-1",
    "pairs": [
      null,
      null,
      [
        "Практика",
        "Пушкарев 606",
        "Пушин 601"
      ],
      [
        "Практика",
        "Пушкарев 606",
        "Пушин 601"
      ],
      [
        "Практика",
        "Пушкарев 606",
        "Пушин 601"
      ],
      null
    ]
  },
  {
    "groupName": "В-23-1",
    "pairs": [
      [
        "КС",
        "Жуйков",
        "Дистанционно"
      ],
      [
        "Арх АС",
        "Коновалов",
        "Дистанционно"
      ],
      [
        "Физкультура",
        "Кайгородов",
        "Спортзал"
      ],
      [
        "ОАиП",
        "Долгова",
        "209"
      ],
      null,
      null
    ]
  },
  {
    "groupName": "В-23-2",
    "pairs": [
      null,
      [
        "КС",
        "Жуйков",
        "Дистанционно"
      ],
      [
        "Нем язык в ПД",
        "Чермных",
        "603а"
      ],
      [
        "История",
        "Ощепков",
        "108"
      ],
      [
        "Регионовед",
        "Ощепков",
        "108"
      ],
      null
    ]
  },
  {
    "groupName": "З-23-1",
    "pairs": [
      [
        "Практика"
      ],
      null,
      null,
      null,
      null,
      null
    ]
  },
  {
    "groupName": "П-23-1п",
    "pairs": [
      [
        "Трудовое право",
        "Олина",
        "104"
      ],
      [
        "Адм право России",
        "Бывальцева",
        "707"
      ],
      [
        "Психология общения",
        "Зорина",
        "Библиотека"
      ],
      [
        "Нем язык",
        "Чермных",
        "603а"
      ],
      null,
      null
    ]
  },
  {
    "groupName": "Ю-23-1",
    "pairs": [
      [
        "Нем язык",
        "Чермных",
        "603а"
      ],
      [
        "Осн управл в правоохр органах",
        "Газидуллина",
        "101"
      ],
      [
        "Инф и ИТ в ПД",
        "Долгова/",
        "Вахрушева",
        "203"
      ],
      [
        "Англ  язык",
        "Тику 705",
        "Сабурова 708"
      ],
      null,
      null,
      null
    ]
  },
  {
    "groupName": "Ю-23-2п",
    "pairs": [
      null,
      null,
      [
        "Осн управл в правоохр органах",
        "Газидуллина",
        "101"
      ],
      [
        "Адм право",
        "Михалкина",
        "608"
      ],
      [
        "Адм право",
        "Михалкина",
        "608"
      ],
      null,
      null
    ]
  },
  {
    "groupName": "Ю-23-3п",
    "pairs": [
      null,
      null,
      [
        "Адм право",
        "Бывальцева",
        "707"
      ],
      [
        "ОК проф",
        "Зорина",
        "Библиотека"
      ],
      null,
      null,
      null
    ]
  },
  {
    "groupName": "Т-23-1",
    "pairs": [
      [
        "ТОТиГ",
        "Пушкарев",
        "608"
      ],
      [
        "Тех механика",
        "Пушкарев",
        "608"
      ],
      [
        "ТЭ котельных установок",
        "Петрова",
        "104",
        "704"
      ],
      [
        "ТЭ систем топливоснабж",
        "Самойленко",
        "704"
      ],
      null,
      null,
      null
    ]
  },
  {
    "groupName": "И-23-1",
    "pairs": [
      [
        "Эл высшей математики",
        "Ошуркова",
        "703"
      ],
      [
        "ОАиП",
        "Логинова",
        "203"
      ],
      [
        "Нем язык в ПД",
        "Чермных",
        "603а"
      ],
      [
        "Арх АС",
        "Коновалов",
        "Дистанционно"
      ],
      null,
      null,
      null
    ]
  },
  {
    "groupName": "И-23-2",
    "pairs": [
      [
        "ВиП КС",
        "Ишкулов",
        "102"
      ],
      [
        "ОКФ КС",
        "Ишкулов",
        "102"
      ],
      [
        "ОАиП",
        "Зылева",
        "Дистанционно"
      ],
      null,
      null,
      null,
      null
    ]
  },
  {
    "groupName": "И-23-3п",
    "pairs": [
      [
        "ОАиП",
        "Логинова",
        "203"
      ],
      [
        "БЖ",
        "Ильин",
        "701"
      ],
      [
        "ОК проф",
        "Неклюдова С.Ю.",
        "701"
      ],
      null,
      null,
      null,
      null
    ]
  },
  {
    "groupName": "П-22-1п",
    "pairs": [
      null,
      null,
      null,
      null,
      null,
      null,
      null
    ]
  },
  {
    "groupName": "З-22-1",
    "pairs": [
      null,
      null,
      [
        "ТЗИ",
        "Мошкина",
        "Дистанционно"
      ],
      [
        "Осн предприн",
        "Бывальцева",
        "707"
      ],
      [
        "Орг-прав обесп ИБ",
        "Бывальцева",
        "707"
      ],
      null,
      null
    ]
  },
  {
    "groupName": "И-22-1",
    "pairs": [
      null,
      [
        "Нем язык в ПД",
        "Чермных",
        "603а"
      ],
      [
        "Разработка кода ИС",
        "Ишкулов",
        "102"
      ],
      [
        "Численные методы",
        "Ошуркова",
        "703"
      ],
      [
        "КС",
        "Данилов",
        "203"
      ],
      null,
      null
    ]
  },
  {
    "groupName": "И-22-2п",
    "pairs": [
      [
        "Техн разработки ПО",
        "Рахимьянова",
        "Дистанционно"
      ],
      [
        "Разработка ПМ",
        "Черепанова",
        "Дистанционно"
      ],
      [
        "Инстр ср-ва разработки ПО",
        "Зылева",
        "Дистанционно"
      ],
      null,
      null,
      null,
      null
    ]
  },
  {
    "groupName": "И-22-3п",
    "pairs": [
      null,
      null,
      [
        "Нем язык в ПД",
        "Чермных",
        "603а"
      ],
      [
        "КС",
        "Данилов",
        "203"
      ],
      [
        "Численные методы",
        "Ошуркова",
        "703"
      ],
      [
        "КС",
        "Данилов",
        "Дистанционно"
      ],
      null
    ]
  },
  {
    "groupName": "Ю-22-1",
    "pairs": [
      null,
      null,
      null,
      [
        "Уг право",
        "Газидуллина",
        "107"
      ],
      [
        "Нач проф подгот и введ в спец",
        "(Строевая подгот)",
        "Феденев",
        "Спортзал"
      ],
      [
        "Осн предприн",
        "Бывальцева",
        "608"
      ],
      null
    ]
  },
  {
    "groupName": "Ю-22-2п",
    "pairs": [
      null,
      null,
      null,
      [
        "Физкультура",
        "Кайгородов",
        "Спортзал"
      ],
      [
        "Уг право",
        "Газидуллина",
        "107"
      ],
      [
        "Осн управл в правоохр органах",
        "Михалкина",
        "608"
      ],
      null
    ]
  },
  {
    "groupName": "Э-22-1",
    "pairs": [
      null,
      null,
      null,
      [
        "Нем язык в ПД",
        "Чермных",
        "603а"
      ],
      [
        "Охрана труда",
        "Неклюдова С.Ю.",
        "701"
      ],
      [
        "Эл/снабжение",
        "Пушин",
        "601"
      ],
      [
        "Тип тех проц обсл быт маш и приб",
        "Пушин 601"
      ]
    ]
  },
  {
    "groupName": "Т-22-1",
    "pairs": [
      null,
      null,
      [
        "ТЭ систем теплоснабжения",
        "Самойленко",
        "704"
      ],
      [
        "Ин язык в ПД",
        "Волкова 306а",
        "Варламова 208",
        "Чермных 603а"
      ],
      [
        "Ремонт оборуд тепловых сетей",
        "Самойленко 704"
      ],
      [
        "ТЭ систем теплоснабжения",
        "Самойленко",
        "704"
      ],
      null
    ]
  },
  {
    "groupName": "В-22-1",
    "pairs": [
      null,
      [
        "Англ язык в ПД",
        "Тику 705",
        "Сабурова 708"
      ],
      [
        "ПОПД",
        "Михалкина",
        "608"
      ],
      [
        "Осн проект БД",
        "Черепанова",
        "Дистанционно"
      ],
      null,
      null,
      null
    ]
  },
  {
    "groupName": "ЭР-22-1",
    "pairs": [
      [
        "Практика"
      ],
      null,
      null,
      null,
      null,
      null,
      null
    ]
  },
  {
    "groupName": "Ю-21-1",
    "pairs": [
      null,
      null,
      null,
      null,
      null,
      null,
      null
    ]
  },
  {
    "groupName": "Ю-21-2",
    "pairs": [
      null,
      null,
      null,
      null,
      null,
      null,
      null
    ]
  },
  {
    "groupName": "И-21-1",
    "pairs": [
      null,
      null,
      null,
      null,
      null,
      null,
      null
    ]
  },
  {
    "groupName": "И-21-2",
    "pairs": [
      null,
      null,
      [
        "БЖ",
        "Феденев",
        "708"
      ],
      [
        "БЖ",
        "Феденев",
        "708"
      ],
      null,
      null,
      null
    ]
  },
  {
    "groupName": "И-21-3п",
    "pairs": [
      [
        "Практика",
        "Рахимьянова",
        "Дистанционно"
      ],
      [
        "Практика",
        "Рахимьянова",
        "Дистанционно"
      ],
      [
        "Практика",
        "Рахимьянова",
        "Дистанционно"
      ],
      null,
      null,
      null,
      null
    ]
  },
  {
    "groupName": "В-21-1",
    "pairs": [
      null,
      null,
      null,
      [
        "Эффект повед на рынке труда",
        "Неклюдова С.Ю.",
        "701"
      ],
      [
        "Англ язык в ПД",
        "Тику/",
        "Варламова",
        "705/208"
      ],
      [
        "Осн предприн",
        "Неклюдова Т.А.",
        "102"
      ],
      null
    ]
  },
  {
    "groupName": "З-21-1",
    "pairs": [
      [
        "Практика",
        "Камашева",
        "209"
      ],
      [
        "Практика",
        "Камашева",
        "209"
      ],
      [
        "Практика",
        "Камашева",
        "209"
      ],
      null,
      null,
      null,
      null
    ]
  },
  {
    "groupName": "Т-21-1",
    "pairs": [
      [
        "Практика"
      ],
      null,
      null,
      null,
      null,
      null,
      null
    ]
  },
  {
    "groupName": "Э-21-1",
    "pairs": [
      null,
      null,
      null,
      null,
      [
        "Практика",
        "Мозгина",
        "209"
      ],
      [
        "Практика",
        "Мозгина",
        "209"
      ],
      [
        "Практика",
        "Мозгина",
        "209"
      ]
    ]
  }
]