[
  {
    "groupName": "Э-24-1",
    "pairs": [
      [
        "Родной язык",
        "Созонова",
        "207"
      ],
      [
        "Литература",
        "Созонова 207",
        "11.05",
        "Час общения",
        "«Разговоры о важном»"
      ],
      null,
      null
    ]
  },
  {
    "groupName": "Т-24-1",
    "pairs": [
      [
        "История",
        "Ощепков",
        "108"
      ],
      [
        "География",
        "Абрамова",
        "403"
      ],
      [
        "Математика",
        "Тимошкин",
        "107"
      ],
      null
    ]
  },
  {
    "groupName": "И-24-1",
    "pairs": [
      [
        "Математика",
        "Соковикова",
        "702"
      ],
      [
        "Физкультура",
        "Перевозчиков",
        "Тренажерный зал"
      ],
      [
        "Литература",
        "Созонова",
        "207"
      ],
      [
        "13.25",
        "Час общения",
        "«Разговоры о важном»",
        "Ощепков 108"
      ]
    ]
  },
  {
    "groupName": "И-24-2п",
    "pairs": [
      null,
      [
        "Математика",
        "Соковикова",
        "702"
      ],
      [
        "География",
        "Абрамова",
        "403"
      ],
      null
    ]
  },
  {
    "groupName": "С-24-1п",
    "pairs": [
      [
        "Физика",
        "Смирнов",
        "206"
      ],
      [
        "Литература",
        "Плехова",
        "Синема Парк Петровский"
      ],
      [
        "Литература",
        "Плехова",
        "Синема Парк Петровский"
      ],
      [
        "Физика",
        "Смирнов",
        "Дистанционно"
      ]
    ]
  },
  {
    "groupName": "В-24-1",
    "pairs": [
      null,
      null,
      [
        "Информатика",
        "Жуйкова",
        "Дистанционно"
      ],
      [
        "Информатика",
        "Жуйкова",
        "Дистанционно"
      ]
    ]
  },
  {
    "groupName": "О-24-1",
    "pairs": [
      [
        "Математика",
        "Тимошкин",
        "107"
      ],
      [
        "История",
        "Ощепков",
        "108"
      ],
      [
        "Обществозн",
        "Ощепков",
        "108"
      ],
      null
    ]
  },
  {
    "groupName": "З-24-1",
    "pairs": [
      [
        "География",
        "Абрамова",
        "403"
      ],
      [
        "Литература",
        "Плехова",
        "Синема Парк Петровский"
      ],
      [
        "Литература",
        "Плехова",
        "Синема Парк Петровский"
      ],
      null
    ]
  },
  {
    "groupName": "ЭР-24-1",
    "pairs": [
      [
        "Информатика",
        "Аверина/ Жуйкова Дистанционно"
      ],
      [
        "Информатика",
        "Аверина/ Жуйкова Дистанционно"
      ],
      null,
      null
    ]
  },
  {
    "groupName": "Ю-24-1",
    "pairs": [
      null,
      [
        "Физика",
        "Смирнов",
        "206"
      ],
      [
        "Физика",
        "Смирнов",
        "206"
      ],
      [
        "География",
        "Абрамова",
        "403"
      ],
      null
    ]
  },
  {
    "groupName": "Ю-24-2п",
    "pairs": [
      [
        "Физкультура",
        "Перевозчиков",
        "Тренажерный зал"
      ],
      [
        "Математика",
        "Тимошкин",
        "107"
      ],
      null,
      null,
      null
    ]
  },
  {
    "groupName": "М-24-1",
    "pairs": [
      null,
      [
        "Физкультура",
        "Кайгородов",
        "Спортзал"
      ],
      [
        "Математика",
        "Соковикова",
        "702"
      ],
      null,
      null
    ]
  },
  {
    "groupName": "ЭР-23-1",
    "pairs": [
      null,
      null,
      null,
      null,
      null
    ]
  },
  {
    "groupName": "Э-23-1",
    "pairs": [
      [
        "Практика",
        "Пушин 601",
        "Пушкарев 606"
      ],
      [
        "Практика",
        "Пушин 601",
        "Пушкарев 606"
      ],
      [
        "Практика",
        "Пушин 601",
        "Пушкарев 606"
      ],
      null,
      null
    ]
  },
  {
    "groupName": "В-23-1",
    "pairs": [
      [
        "ТФУ ПД",
        "Мошкина",
        "203"
      ],
      [
        "ТФУ ПД",
        "Мошкина",
        "203"
      ],
      [
        "Эл высшей математики",
        "Павлов 104"
      ],
      null,
      null
    ]
  },
  {
    "groupName": "В-23-2",
    "pairs": [
      null,
      [
        "Арх АС",
        "Широбоков",
        "Дистанционно"
      ],
      null,
      null,
      null
    ]
  },
  {
    "groupName": "З-23-1",
    "pairs": [
      null,
      null,
      null,
      null,
      null
    ]
  },
  {
    "groupName": "П-23-1п",
    "pairs": [
      null,
      null,
      [
        "ДОУ",
        "Сардарова",
        "102"
      ],
      [
        "Гражд процесс",
        "Артемичева",
        "205"
      ],
      null
    ]
  },
  {
    "groupName": "Ю-23-1",
    "pairs": [
      [
        "Осн управл в правоохр органах",
        "Газидуллина",
        "202"
      ],
      [
        "Делопр и режим секретности",
        "Сардарова 102"
      ],
      [
        "Гражд право и гражд процесс",
        "Артемичева 205"
      ],
      null
    ]
  },
  {
    "groupName": "Ю-23-2п",
    "pairs": [
      [
        "Делопр и режим секретности",
        "Сардарова 102"
      ],
      [
        "Осн управл в правоохр органах",
        "Газидуллина",
        "202"
      ],
      null,
      null
    ]
  },
  {
    "groupName": "Ю-23-3п",
    "pairs": [
      null,
      null,
      [
        "Осн управл в правоохр органах",
        "Газидуллина",
        "202"
      ],
      [
        "Делопр и режим секретности",
        "Сардарова 102"
      ]
    ]
  },
  {
    "groupName": "Т-23-1",
    "pairs": [
      null,
      null,
      null,
      null
    ]
  },
  {
    "groupName": "И-23-1",
    "pairs": [
      [
        "ОАиП",
        "Логинова",
        "Дистанционно"
      ],
      null,
      null,
      null
    ]
  },
  {
    "groupName": "И-23-2",
    "pairs": [
      null,
      null,
      [
        "Арх АС",
        "Мошкина",
        "203"
      ],
      [
        "Арх АС",
        "Мошкина",
        "203"
      ]
    ]
  },
  {
    "groupName": "И-23-3п",
    "pairs": [
      [
        "Эл высшей математики",
        "Павлов",
        "104"
      ],
      [
        "Эл высшей математики",
        "Павлов",
        "104"
      ],
      [
        "ОАиП",
        "Логинова",
        "Дистанционно"
      ],
      null
    ]
  },
  {
    "groupName": "П-22-1п",
    "pairs": [
      null,
      null,
      null,
      null
    ]
  },
  {
    "groupName": "З-22-1",
    "pairs": [
      null,
      [
        "Экспл КС",
        "Широбоков",
        "Дистанционно"
      ],
      [
        "КСЗИ",
        "Камашева",
        "209"
      ],
      [
        "КСЗИ",
        "Камашева",
        "207"
      ]
    ]
  },
  {
    "groupName": "И-22-1",
    "pairs": [
      null,
      null,
      null,
      null
    ]
  },
  {
    "groupName": "И-22-2п",
    "pairs": [
      [
        "Разработка МП",
        "Перминов",
        "Дистанционно"
      ],
      [
        "Разработка МП",
        "Перминов",
        "Дистанционно"
      ],
      [
        "Физкультура",
        "Перевозчиков",
        "Дистанционно"
      ],
      null
    ]
  },
  {
    "groupName": "И-22-3п",
    "pairs": [
      [
        "Прогр решения для бизнеса",
        "Черепанова",
        "Дистанционно"
      ],
      null,
      null,
      null
    ]
  },
  {
    "groupName": "Ю-22-1",
    "pairs": [
      null,
      null,
      null,
      null
    ]
  },
  {
    "groupName": "Ю-22-2п",
    "pairs": [
      null,
      null,
      null,
      null
    ]
  },
  {
    "groupName": "Э-22-1",
    "pairs": [
      null,
      null,
      null,
      null
    ]
  },
  {
    "groupName": "Т-22-1",
    "pairs": [
      null,
      null,
      null,
      null
    ]
  },
  {
    "groupName": "В-22-1",
    "pairs": [
      [
        "ОППиФКС",
        "Камашева",
        "209"
      ],
      [
        "ОППиФКС",
        "Камашева",
        "209"
      ],
      [
        "Физкультура",
        "Кайгородов",
        "Спортзал"
      ],
      null
    ]
  },
  {
    "groupName": "ЭР-22-1",
    "pairs": [
      null,
      null,
      null,
      null
    ]
  },
  {
    "groupName": "Ю-21-1",
    "pairs": [
      null,
      null,
      null,
      null
    ]
  },
  {
    "groupName": "Ю-21-2",
    "pairs": [
      null,
      null,
      null,
      null
    ]
  },
  {
    "groupName": "И-21-1",
    "pairs": [
      null,
      null,
      [
        "Физкультура",
        "Перевозчиков",
        "Тренажерный зал"
      ],
      [
        "Обесп безоп веб-приложений",
        "Консультация",
        "Перминов",
        "209"
      ]
    ]
  },
  {
    "groupName": "И-21-2",
    "pairs": [
      null,
      null,
      null,
      null
    ]
  },
  {
    "groupName": "И-21-3п",
    "pairs": [
      [
        "Практика",
        "Рахимьянова",
        "Дистанционно"
      ],
      [
        "Практика",
        "Рахимьянова",
        "Дистанционно"
      ],
      [
        "Практика",
        "Рахимьянова",
        "Дистанционно"
      ],
      null
    ]
  },
  {
    "groupName": "В-21-1",
    "pairs": [
      null,
      null,
      null,
      null
    ]
  },
  {
    "groupName": "З-21-1",
    "pairs": [
      [
        "Практика",
        "Камашева",
        "209"
      ],
      [
        "Практика",
        "Камашева",
        "209"
      ],
      [
        "Практика",
        "Камашева",
        "209"
      ],
      null
    ]
  },
  {
    "groupName": "Т-21-1",
    "pairs": [
      null,
      null,
      null,
      null
    ]
  },
  {
    "groupName": "Э-21-1",
    "pairs": [
      [
        "Практика",
        "Мозгина",
        "703"
      ],
      [
        "Практика",
        "Мозгина",
        "703"
      ],
      [
        "Практика",
        "Мозгина",
        "703"
      ],
      null
    ]
  }
]