[
  {
    "groupName": "Э-24-1",
    "pairs": [
      null,
      [
        "История",
        "Ефремова",
        "107"
      ],
      [
        "Обществозн",
        "Ефремова",
        "107"
      ],
      [
        "Литература",
        "Созонова",
        "207"
      ],
      [
        "13.00-13.30",
        "Час общения «Разговоры о важном»",
        "Перевозчиков 702"
      ],
      null,
      null
    ]
  },
  {
    "groupName": "Т-24-1",
    "pairs": [
      null,
      null,
      [
        "Англ язык",
        "Варламова/",
        "Волкова",
        "208/101"
      ],
      [
        "Математика",
        "Тимошкин",
        "702"
      ],
      null,
      [
        "13.10-14.40",
        "Математика",
        "Тимошкин",
        "702"
      ],
      null
    ]
  },
  {
    "groupName": "И-24-1",
    "pairs": [
      null,
      [
        "ОБЗР",
        "Феденев",
        "708а"
      ],
      [
        "Физика",
        "Занина",
        "403"
      ],
      [
        "Информатика",
        "Кузнецова/",
        "Рахимьянова",
        "Дистанционно"
      ],
      null,
      null,
      null
    ]
  },
  {
    "groupName": "И-24-2",
    "pairs": [
      null,
      null,
      [
        "Информатика",
        "Кузнецова/",
        "Рахимьянова",
        "Дистанционно"
      ],
      [
        "История",
        "Васильев",
        "703"
      ],
      null,
      [
        "13.10-14.40",
        "Физика",
        "Занина",
        "403"
      ],
      null
    ]
  },
  {
    "groupName": "С-24-1",
    "pairs": [
      null,
      [
        "История",
        "Васильев",
        "702"
      ],
      [
        "ОБЗР",
        "Феденев",
        "708а"
      ],
      [
        "География",
        "Шахова",
        "206"
      ],
      null,
      null,
      null
    ]
  },
  {
    "groupName": "В-24-1",
    "pairs": [
      null,
      [
        "Англ язык",
        "Тику/",
        "Сабурова",
        "705/708"
      ],
      [
        "Физкультура",
        "Кайгородов",
        "Спортзал"
      ],
      [
        "Физика",
        "Занина",
        "403"
      ],
      null,
      [
        "Химия",
        "Петрова",
        "104"
      ],
      null
    ]
  },
  {
    "groupName": "О-24-1",
    "pairs": [
      null,
      [
        "Физкультура",
        "Перевозчиков",
        "Тренажерный зал"
      ],
      [
        "Химия",
        "Петрова",
        "104"
      ],
      [
        "Англ язык",
        "Варламова/",
        "Волкова",
        "208/101"
      ],
      null,
      null,
      null
    ]
  },
  {
    "groupName": "З-24-1",
    "pairs": [
      null,
      [
        "Информатика",
        "Кузнецова/",
        "Рахимьянова",
        "Дистанционно"
      ],
      [
        "Математика",
        "Ошуркова",
        "Дистанционно"
      ],
      [
        "Химия",
        "Петрова",
        "104"
      ],
      null,
      [
        "Физкультура",
        "Кайгородов",
        "Спортзал"
      ],
      null
    ]
  },
  {
    "groupName": "ЭР-24-1",
    "pairs": [
      [
        "08.00",
        "Час общения «Разговоры о важном»",
        "Неклюдова",
        "701"
      ],
      [
        "Физкультура",
        "Кайгородов",
        "Спортзал"
      ],
      [
        "ОК  проф",
        "Неклюдова С.Ю.",
        "701"
      ],
      [
        "ОБЗР",
        "Феденев",
        "708а"
      ],
      null,
      null
    ]
  },
  {
    "groupName": "Ю-24-1",
    "pairs": [
      [
        "08.00",
        "Час общения «Разговоры о важном»",
        "Сабурова",
        "Актовый зал"
      ],
      [
        "Русский язык",
        "Созонова",
        "207"
      ],
      [
        "Литература",
        "Созонова",
        "207"
      ],
      [
        "Англ язык",
        "Тику 705",
        "Сабурова 708"
      ],
      null,
      [
        "Информатика",
        "Долгова/",
        "Аверина",
        "Дистанционно"
      ],
      null,
      null
    ]
  },
  {
    "groupName": "Ю-24-2",
    "pairs": [
      [
        "08.00",
        "Час общения «Разговоры о важном»",
        "Шахова",
        "403"
      ],
      [
        "География",
        "Шахова",
        "206"
      ],
      [
        "География",
        "Шахова",
        "206"
      ],
      [
        "Информатика",
        "Долгова/",
        "Аверина",
        "Дистанционно"
      ],
      null,
      null,
      null,
      null
    ]
  },
  {
    "groupName": "М-24-1",
    "pairs": [
      null,
      [
        "Химия",
        "Петрова",
        "104"
      ],
      [
        "История",
        "Васильев",
        "702"
      ],
      [
        "Обществозн",
        "Ефремова",
        "107"
      ],
      null,
      [
        "Информатика",
        "Долгова/",
        "Аверина",
        "Дистанционно"
      ],
      null,
      null
    ]
  },
  {
    "groupName": "ЭР-23-1",
    "pairs": [
      null,
      null,
      [
        "10.10",
        "Техн обесп бесперебойной работы эл/об",
        "Консультация",
        "Пушкарев",
        "608"
      ],
      null,
      null,
      null,
      null,
      null
    ]
  },
  {
    "groupName": "Э-23-1",
    "pairs": [
      null,
      null,
      null,
      null,
      [
        "13.00-13.30",
        "Час общения «Разговоры о важном»",
        "Зорина 209"
      ],
      [
        "Практика",
        "обе п/группы",
        "Пушкарев",
        "601"
      ],
      [
        "Практика",
        "обе п/группы",
        "Пушкарев",
        "601"
      ],
      [
        "Практика",
        "обе п/группы",
        "Пушкарев",
        "601"
      ]
    ]
  },
  {
    "groupName": "В-23-1",
    "pairs": [
      null,
      [
        "КС",
        "Жуйков",
        "Дистанционно"
      ],
      [
        "ТФУ ПД",
        "Мошкина",
        "Дистанционно"
      ],
      [
        "ОК проф",
        "Неклюдова С.Ю.",
        "701"
      ],
      null,
      [
        "Англ язык в ПД",
        "Тику 705",
        "Сабурова 708"
      ],
      null,
      null
    ]
  },
  {
    "groupName": "В-23-2",
    "pairs": [
      null,
      [
        "ТФУ ПД",
        "Мошкина",
        "Дистанционно"
      ],
      [
        "КС",
        "Жуйков",
        "Дистанционно"
      ],
      [
        "ОК проф",
        "Веселкова",
        "Дистанционно"
      ],
      null,
      [
        ""
      ],
      null,
      null
    ]
  },
  {
    "groupName": "З-23-1",
    "pairs": [
      null,
      [
        "Психология общения",
        "Зорина 209"
      ],
      [
        "Психология общения",
        "Зорина",
        "209"
      ],
      [
        "ОК проф",
        "Веселкова",
        "707"
      ],
      null,
      null,
      null,
      null
    ]
  },
  {
    "groupName": "П-23-1п",
    "pairs": [
      null,
      [
        "Уг право",
        "Газидуллина",
        "108"
      ],
      [
        "Англ язык",
        "Тику/",
        "Сабурова",
        "705/708"
      ],
      [
        "Адм процесс",
        "Артемичева",
        "205"
      ],
      null,
      null,
      null
    ]
  },
  {
    "groupName": "Ю-23-1",
    "pairs": [
      [
        "08.00",
        "Час общения «Разговоры о важном»",
        "Тику Акт зал"
      ],
      [
        "ТСП",
        "Веселкова",
        "707"
      ],
      [
        "ТСП",
        "Веселкова",
        "707"
      ],
      [
        "История, литерат, культ родного края",
        "Ильин",
        "Библиотека"
      ],
      [
        "13.00-13.30",
        "Час общения «Разговоры о важном»",
        "Волкова 203"
      ],
      [
        "Спецтехника",
        "Баранова",
        "202"
      ],
      null,
      null,
      null
    ]
  },
  {
    "groupName": "Ю-23-2п",
    "pairs": [
      null,
      [
        "Англ язык",
        "Волкова/",
        "Варламова",
        "101/208"
      ],
      [
        "Гражд право и гражд процесс",
        "Артемичева",
        "205"
      ],
      [
        "Осн управл в правоохр органах",
        "Газидуллина",
        "108"
      ],
      [
        "13.00-13.30",
        "Час общения «Разговоры о важном»",
        "Храмова 206"
      ],
      null,
      null,
      null,
      null
    ]
  },
  {
    "groupName": "Ю-23-3п",
    "pairs": [
      null,
      [
        "Гражд право и гражд процесс",
        "Артемичева",
        "205"
      ],
      [
        "Осн управл в правоохр органах",
        "Газидуллина",
        "108"
      ],
      [
        "Физкультура",
        "Кайгородов",
        "Спортзал"
      ],
      [
        "13.00-13.30",
        "Час общения «Разговоры о важном»",
        "Самойленко 704"
      ],
      [
        "ТСП",
        "Веселкова",
        "707"
      ],
      null,
      null,
      null
    ]
  },
  {
    "groupName": "Т-23-1",
    "pairs": [
      null,
      [
        "ТОТиГ",
        "Пушкарев",
        "608"
      ],
      [
        "ТЭ систем топливоснабж",
        "Самойленко",
        "704"
      ],
      [
        "Тех механика",
        "Пушкарев",
        "608"
      ],
      null,
      null,
      null,
      null,
      null
    ]
  },
  {
    "groupName": "И-23-1",
    "pairs": [
      null,
      [
        "Эл высшей математики",
        "Ошуркова  Дистанционно"
      ],
      [
        "ПиРИП",
        "Камашева",
        "Дистанционно"
      ],
      [
        "Физкультура",
        "Перевозчиков",
        "Дистанционно"
      ],
      [
        "13.00-13.30",
        "Час общения «Разговоры о важном»",
        "Созонова 207"
      ],
      [
        "ГДиМ",
        "Кузнецова",
        "Дистанционно"
      ],
      null,
      null,
      null
    ]
  },
  {
    "groupName": "И-23-2",
    "pairs": [
      null,
      null,
      [
        "ОКФ КС",
        "Ишкулов",
        "102"
      ],
      [
        "Физкультура",
        "Перевозчиков",
        "Тренажерный зал"
      ],
      null,
      [
        "ОКФ КС",
        "Ишкулов",
        "102"
      ],
      [
        "Осн проект БД",
        "Черепанова",
        "Дистанционно"
      ],
      null,
      null
    ]
  },
  {
    "groupName": "И-23-3п",
    "pairs": [
      null,
      [
        "ПиРИП",
        "Камашева",
        "Дистанционно"
      ],
      [
        "Физкультура",
        "Перевозчиков",
        "Тренажерный зал"
      ],
      [
        "Психология общения",
        "Тихонова",
        "203"
      ],
      null,
      [
        "13.10-14.40",
        "Психология общения",
        "Тихонова",
        "203"
      ],
      null,
      null,
      null
    ]
  },
  {
    "groupName": "П-22-1п",
    "pairs": [
      null,
      null,
      null,
      null,
      null,
      null,
      [
        "Практика",
        "Ванюшева",
        "Дистанционно"
      ],
      [
        "Практика",
        "Ванюшева",
        "203"
      ],
      [
        "Практика",
        "Ванюшева",
        "203"
      ]
    ]
  },
  {
    "groupName": "З-22-1",
    "pairs": [
      null,
      null,
      null,
      [
        "ТЗИ",
        "Мошкина Дистанционно"
      ],
      [
        "КСЗИ",
        "Камашева",
        "Дистанционно"
      ],
      [
        "Осн философии",
        "Васильев",
        "Дистанционно"
      ],
      null,
      null
    ]
  },
  {
    "groupName": "И-22-1",
    "pairs": [
      null,
      null,
      [
        "Численные методы",
        "Ошуркова",
        "Дистанционно"
      ],
      [
        "13.00-13.30",
        "Час общения «Разговоры о важном»",
        "Тику",
        "Актовый зал"
      ],
      [
        "Менеджмент в ПД",
        "Неклюдова Т.А.",
        "Дистанционно"
      ],
      [
        "Тестирование ИС",
        "Рахимьянова",
        "Дистанционно"
      ],
      [
        "КС",
        "Данилов",
        "Дистанционно"
      ],
      null
    ]
  },
  {
    "groupName": "И-22-2п",
    "pairs": [
      null,
      null,
      [
        "ТРиЗБД",
        "Ишкулов",
        "102"
      ],
      [
        "13.00-13.30",
        "Час общения «Разговоры о важном»",
        "Сабурова",
        "Актовый зал"
      ],
      [
        "Осн философии",
        "Васильев",
        "703"
      ],
      [
        "Осн философии",
        "Васильев",
        "703"
      ],
      [
        "ТРиЗБД",
        "Кузнецова",
        "Дистанционно"
      ],
      null
    ]
  },
  {
    "groupName": "И-22-3п",
    "pairs": [
      null,
      [
        "Прогр решения для бизнеса",
        "Черепанова",
        "Дистанционно"
      ],
      [
        "Менеджмент в ПД",
        "Зорина",
        "209"
      ],
      [
        "13.00-13.30",
        "Час общения «Разговоры о важном»",
        "Газидуллина",
        "108"
      ],
      [
        "Менеджмент в ПД",
        "Зорина",
        "209"
      ],
      [
        "КС",
        "Данилов",
        "Дистанционно"
      ],
      null,
      null
    ]
  },
  {
    "groupName": "Ю-22-1",
    "pairs": [
      null,
      null,
      [
        "Нач проф подгот и введ в спец",
        "Баранова 202"
      ],
      null,
      [
        "Уг процесс",
        "Газидуллина",
        "108"
      ],
      [
        "Криминалист",
        "Баранова",
        "202"
      ],
      null,
      null
    ]
  },
  {
    "groupName": "Ю-22-2п",
    "pairs": [
      null,
      null,
      null,
      [
        "13.00-13.30",
        "Час общения «Разговоры о важном»",
        "Пушкарев 608"
      ],
      [
        "Экол право",
        "Артемичева",
        "205"
      ],
      [
        "Физкультура",
        "Кайгородов",
        "Спортзал"
      ],
      [
        "Осн предприн",
        "Михалкина",
        "207"
      ],
      [
        "Осн управл в правоохр органах",
        "Михалкина",
        "207"
      ]
    ]
  },
  {
    "groupName": "Э-22-1",
    "pairs": [
      null,
      null,
      null,
      [
        "13.00-13.30",
        "Час общения «Разговоры о важном»",
        "Петрова",
        "104"
      ],
      [
        "Англ язык в ПД",
        "Варламова/",
        "Волкова",
        "208/101"
      ],
      [
        "Охрана труда",
        "Неклюдова С.Ю.",
        "701"
      ],
      [
        "Планир и орг работы структ подразд",
        "Мозгина 209"
      ],
      null
    ]
  },
  {
    "groupName": "Т-22-1",
    "pairs": [
      null,
      null,
      [
        "ТЭ систем теплоснабж",
        "Самойленко",
        "704"
      ],
      null,
      [
        "ТЭ котельных установок",
        "Самойленко",
        "704"
      ],
      [
        "Управл и планир в т/энергетике",
        "Мозгина 209"
      ],
      [
        "Физкультура",
        "Кайгородов",
        "Спортзал"
      ],
      null
    ]
  },
  {
    "groupName": "В-22-1",
    "pairs": [
      [
        "ТВиМС",
        "Камашева",
        "Дистанционно"
      ],
      [
        "ЭОСИ",
        "Данилов",
        "Дистанционно"
      ],
      [
        "ОА КС",
        "Жуйков",
        "Дистанционно"
      ],
      null,
      null,
      null,
      null,
      null
    ]
  },
  {
    "groupName": "ЭР-22-1",
    "pairs": [
      [
        "Практика"
      ],
      [
        ""
      ],
      null,
      null,
      null,
      null,
      null
    ]
  },
  {
    "groupName": "Ю-21-1",
    "pairs": [
      null,
      null,
      null,
      null,
      null,
      null,
      null,
      null
    ]
  },
  {
    "groupName": "Ю-21-2",
    "pairs": [
      null,
      null,
      null,
      null,
      null,
      null,
      null,
      null
    ]
  },
  {
    "groupName": "И-21-1",
    "pairs": [
      null,
      null,
      null,
      [
        "13.00-13.30",
        "Час общения «Разговоры о важном»",
        "Варламова 107"
      ],
      [
        "Физкультура",
        "Перевозчиков",
        "Тренажерный зал"
      ],
      [
        "Физкультура",
        "Зачет",
        "Перевозчиков",
        "Тренажерный зал"
      ],
      null,
      null
    ]
  },
  {
    "groupName": "И-21-2",
    "pairs": [
      null,
      null,
      null,
      null,
      [
        "БЖ",
        "Феденев",
        "708а"
      ],
      [
        "БЖ",
        "Феденев",
        "708а"
      ],
      [
        "Физкультура",
        "Перевозчиков",
        "Тренажерный зал"
      ],
      null
    ]
  },
  {
    "groupName": "И-21-3п",
    "pairs": [
      [
        "Практика"
      ],
      null,
      null,
      null,
      null,
      null,
      null,
      null
    ]
  },
  {
    "groupName": "В-21-1",
    "pairs": [
      null,
      null,
      null,
      null,
      [
        "Эффект повед на рынке труда",
        "Неклюдова С.Ю.",
        "701"
      ],
      [
        "Англ язык в ПД",
        "Зачет",
        "Тику/",
        "Варламова",
        "705/208"
      ],
      [
        "Осн предприн",
        "Неклюдова Т.А.",
        "102"
      ],
      null
    ]
  },
  {
    "groupName": "З-21-1",
    "pairs": [
      [
        "Практика"
      ],
      null,
      null,
      null,
      null,
      null,
      null,
      null
    ]
  },
  {
    "groupName": "Т-21-1",
    "pairs": [
      [
        "Практика"
      ],
      null,
      null,
      null,
      null,
      null,
      null,
      null
    ]
  },
  {
    "groupName": "Э-21-1",
    "pairs": [
      [
        "Практика"
      ],
      null,
      null,
      null,
      null,
      null,
      null
    ]
  }
]