[
  {
    "groupName": "Э-24-1",
    "pairs": [
      null,
      [
        "ОБЗР",
        "Феденев",
        "708а"
      ],
      [
        "Обществозн",
        "Ефремова",
        "107"
      ],
      [
        "Химия",
        "Петрова",
        "104"
      ],
      null,
      null,
      null
    ]
  },
  {
    "groupName": "Т-24-1",
    "pairs": [
      [
        "Час общения «Разговоры о важном»",
        "Перевозчиков 209"
      ],
      [
        "ТУД",
        "Тихонова",
        "302"
      ],
      [
        "Англ язык",
        "Варламова/",
        "Волкова",
        "306а/208"
      ],
      [
        "Математика",
        "Тимошкин",
        "207"
      ],
      null,
      [
        "13.10-14.40",
        "Математика",
        "Тимошкин",
        "207"
      ],
      null
    ]
  },
  {
    "groupName": "И-24-1",
    "pairs": [
      null,
      null,
      [
        "Физика",
        "Занина",
        "403"
      ],
      [
        "Биология",
        "Вежеева",
        "Библиотека"
      ],
      null,
      [
        "Биология",
        "Вежеева",
        "Библиотека"
      ],
      null
    ]
  },
  {
    "groupName": "И-24-2",
    "pairs": [
      [
        "08.00",
        "Час общения «Разговоры о важном»",
        "Неклюдова Т.А.",
        "302"
      ],
      [
        "Биология",
        "Вежеева",
        "206"
      ],
      [
        "Информатика",
        "Кузнецова/",
        "Рахимьянова",
        "300ц/304"
      ],
      [
        "История",
        "Васильев",
        "702"
      ],
      null,
      [
        "13.10-14.40",
        "Физика",
        "Занина",
        "403"
      ],
      null
    ]
  },
  {
    "groupName": "С-24-1",
    "pairs": [
      null,
      [
        "История",
        "Васильев",
        "702"
      ],
      [
        "ОБЗР",
        "Феденев",
        "708а"
      ],
      [
        "География",
        "Шахова",
        "202"
      ],
      null,
      null,
      null
    ]
  },
  {
    "groupName": "В-24-1",
    "pairs": [
      [
        "08.00",
        "Час общения «Разговоры о важном»",
        "Жуйков 300у"
      ],
      [
        "Англ язык",
        "Тику/",
        "Сабурова",
        "705/708"
      ],
      [
        "Физкультура",
        "Кайгородов",
        "Спортзал"
      ],
      [
        "Физика",
        "Занина",
        "403"
      ],
      null,
      null,
      null
    ]
  },
  {
    "groupName": "О-24-1",
    "pairs": [
      [
        "08.00",
        "Час общения «Разговоры о важном»",
        "Вахрушева",
        "203"
      ],
      [
        "Информатика",
        "Долгова/",
        "Вахрушева",
        "209/203"
      ],
      [
        "Химия",
        "Петрова",
        "104"
      ],
      [
        "Англ язык",
        "Варламова/",
        "Волкова",
        "306а/208"
      ],
      null,
      null,
      null
    ]
  },
  {
    "groupName": "З-24-1",
    "pairs": [
      null,
      [
        "Информатика",
        "Кузнецова/",
        "Рахимьянова",
        "300ц/304"
      ],
      [
        "Биология",
        "Вежеева",
        "206"
      ],
      [
        "ОБЗР",
        "Феденев",
        "708а"
      ],
      null,
      null,
      null
    ]
  },
  {
    "groupName": "ЭР-24-1",
    "pairs": [
      [
        "08.00",
        "Час общения «Разговоры о важном»",
        "Неклюдова",
        "701"
      ],
      [
        "Техн эл/монт и сборочных работ",
        "Пушин 601"
      ],
      [
        "Осн тех механики",
        "Пушкарев",
        "608"
      ],
      [
        "Осн тех механики",
        "Пушкарев",
        "608"
      ],
      null,
      null
    ]
  },
  {
    "groupName": "Ю-24-1",
    "pairs": [
      [
        "08.00",
        "Час общения «Разговоры о важном»",
        "Сабурова",
        "Актовый зал"
      ],
      [
        "Физкультура",
        "Перевозчиков",
        "Спортзал"
      ],
      [
        "Информатика",
        "Долгова/",
        "Аверина",
        "209/203"
      ],
      [
        "Англ язык",
        "Тику 705",
        "Сабурова 708"
      ],
      null,
      [
        "13.10-14.40",
        "История",
        "Ефремова",
        "107"
      ],
      null,
      null
    ]
  },
  {
    "groupName": "Ю-24-2",
    "pairs": [
      [
        "08.00",
        "Час общения «Разговоры о важном»",
        "Шахова",
        "403"
      ],
      [
        "Математика",
        "Тимошкин",
        "207"
      ],
      [
        "Физика",
        "Тимошкин",
        "207"
      ],
      [
        "Информатика",
        "Долгова/",
        "Аверина",
        "203/209"
      ],
      [
        "13.00-13.30",
        "Час общения «Разговоры о важном»",
        "Пушин 601"
      ],
      [
        "13.10-14.40",
        "ОБЗР",
        "Феденев",
        "708а"
      ],
      null,
      null
    ]
  },
  {
    "groupName": "М-24-1",
    "pairs": [
      null,
      [
        "Химия",
        "Петрова",
        "104"
      ],
      [
        "История",
        "Васильев",
        "702"
      ],
      [
        "Обществозн",
        "Ефремова",
        "107"
      ],
      null,
      [
        "Информатика",
        "Долгова/",
        "Аверина",
        "209/203"
      ],
      null,
      null
    ]
  },
  {
    "groupName": "ЭР-23-1",
    "pairs": [
      null,
      null,
      null,
      null,
      null,
      [
        "13.30",
        "БЖ",
        "Экзамен",
        "Ильин",
        "302"
      ],
      null,
      null
    ]
  },
  {
    "groupName": "Э-23-1",
    "pairs": [
      null,
      null,
      [
        "Практика",
        "п/группа",
        "Пушин",
        "601"
      ],
      [
        "Практика",
        "п/группа",
        "Пушин",
        "601"
      ],
      null,
      [
        "Практика",
        "Пушин 601",
        "Пушкарев",
        "606"
      ],
      [
        "Практика",
        "п/группа",
        "Пушкарев",
        "606"
      ],
      [
        "Практика",
        "п/группа",
        "Пушкарев",
        "606"
      ]
    ]
  },
  {
    "groupName": "В-23-1",
    "pairs": [
      null,
      [
        "КС",
        "Жуйков",
        "300у"
      ],
      [
        "ОК проф",
        "Неклюдова С.Ю.",
        "701"
      ],
      [
        "ОК проф",
        "Неклюдова С.Ю.",
        "701"
      ],
      [
        "13.00-13.30",
        "Час общения «Разговоры о важном»",
        "Камашева 306"
      ],
      [
        "Англ язык в ПД",
        "Тику 705",
        "Сабурова 708"
      ],
      null,
      null
    ]
  },
  {
    "groupName": "В-23-2",
    "pairs": [
      null,
      [
        "ТФУ ПД",
        "Мошкина",
        "305"
      ],
      [
        "КС",
        "Жуйков",
        "300у"
      ],
      [
        "ОК проф",
        "Веселкова",
        "707"
      ],
      null,
      null,
      null,
      null
    ]
  },
  {
    "groupName": "З-23-1",
    "pairs": [
      null,
      [
        "Практика"
      ],
      null,
      null,
      null,
      null,
      null,
      null
    ]
  },
  {
    "groupName": "П-23-1п",
    "pairs": [
      [
        "08.00",
        "Час общения «Разговоры о важном»",
        "Олина",
        "305"
      ],
      [
        "Уг право",
        "Газидуллина",
        "108"
      ],
      [
        "Англ язык",
        "Тику/",
        "Сабурова",
        "705/708"
      ],
      null,
      null,
      null,
      null
    ]
  },
  {
    "groupName": "Ю-23-1",
    "pairs": [
      [
        "08.00",
        "Час общения «Разговоры о важном»",
        "Тику Акт зал"
      ],
      [
        "ТСП",
        "Веселкова",
        "707"
      ],
      [
        "Нач проф подгот и введ в спец",
        "Баранова 202"
      ],
      [
        "История, литерат, культура родного края",
        "Ильин 206"
      ],
      [
        "13.00-13.30",
        "Час общения «Разговоры о важном»",
        "Волкова 205"
      ],
      null,
      null,
      null,
      null
    ]
  },
  {
    "groupName": "Ю-23-2п",
    "pairs": [
      null,
      null,
      [
        "ТСП",
        "Веселкова",
        "707"
      ],
      [
        "Гражд право и гражд процесс",
        "Артемичева",
        "205"
      ],
      [
        "13.00-13.30",
        "Час общения «Разговоры о важном»",
        "Храмова 202"
      ],
      [
        "Гражд право и гражд процесс",
        "Артемичева",
        "205"
      ],
      null,
      null,
      null
    ]
  },
  {
    "groupName": "Ю-23-3п",
    "pairs": [
      null,
      [
        "Нач проф подгот и введ в спец",
        "Баранова 202"
      ],
      [
        "Осн управл в правоохр органах",
        "Газидуллина",
        "108"
      ],
      [
        "Физкультура",
        "Кайгородов",
        "Спортзал"
      ],
      [
        "13.00-13.30",
        "Час общения «Разговоры о важном»",
        "Самойленко 704"
      ],
      [
        "ТСП",
        "Веселкова",
        "707"
      ],
      null,
      null,
      null
    ]
  },
  {
    "groupName": "Т-23-1",
    "pairs": [
      null,
      [
        "ТОТиГ",
        "Пушкарев",
        "608"
      ],
      [
        "ТЭ систем топливоснабж",
        "Самойленко",
        "704"
      ],
      [
        "ТЭ котельных установок",
        "Самойленко",
        "704"
      ],
      null,
      [
        "ОК проф",
        "Олина А.В.",
        "202"
      ],
      null,
      null,
      null
    ]
  },
  {
    "groupName": "И-23-1",
    "pairs": [
      null,
      [
        "Эл высшей математики",
        "Ошуркова  703"
      ],
      [
        "ПиРИП",
        "Камашева",
        "306"
      ],
      [
        "Физкультура",
        "Перевозчиков",
        "Тренажерный зал"
      ],
      null,
      [
        "ГДиМ",
        "Кузнецова",
        "300ц"
      ],
      null,
      null,
      null
    ]
  },
  {
    "groupName": "И-23-2",
    "pairs": [
      null,
      null,
      [
        "ОКФ КС",
        "Ишкулов",
        "102"
      ],
      [
        "Осн проект БД",
        "Черепанова",
        "305"
      ],
      [
        "13.00-13.30",
        "Час общения «Разговоры о важном»",
        "Неклюдова 302"
      ],
      [
        "ОКФ КС",
        "Ишкулов",
        "102"
      ],
      null,
      null,
      null
    ]
  },
  {
    "groupName": "И-23-3п",
    "pairs": [
      null,
      null,
      [
        "Физкультура",
        "Перевозчиков",
        "Тренажерный зал"
      ],
      [
        "ГДиМ",
        "Кузнецова",
        "300ц"
      ],
      [
        "13.00-13.30",
        "Час общения «Разговоры о важном»",
        "Тихонова 305"
      ],
      [
        "Психология общения",
        "Тихонова",
        "206"
      ],
      null,
      null,
      null
    ]
  },
  {
    "groupName": "П-22-1п",
    "pairs": [
      null,
      null,
      [
        "Семейное право",
        "Зачет",
        "Артемичева",
        "205"
      ],
      [
        "Эффект повед на рынке труда",
        "Зачет",
        "Неклюдова Т.А. 302"
      ],
      [
        "13.00-13.30",
        "Час общения «Разговоры о важном»",
        "Кузнецова 300ц"
      ],
      null,
      null,
      null,
      null
    ]
  },
  {
    "groupName": "З-22-1",
    "pairs": [
      null,
      null,
      null,
      null,
      [
        "КСЗИ",
        "Камашева",
        "306"
      ],
      [
        "Осн философии",
        "Васильев",
        "702"
      ],
      [
        "Физкультура",
        "Перевозчиков",
        "Тренажерный зал"
      ],
      null
    ]
  },
  {
    "groupName": "И-22-1",
    "pairs": [
      null,
      null,
      null,
      [
        "13.00-13.30",
        "Час общения «Разговоры о важном»",
        "Тику",
        "Актовый зал"
      ],
      [
        "Численные методы",
        "Ошуркова",
        "703"
      ],
      [
        "Прогр решения для бизнеса",
        "Черепанова",
        "305"
      ],
      [
        "КС",
        "Данилов",
        "203"
      ],
      null
    ]
  },
  {
    "groupName": "И-22-2п",
    "pairs": [
      null,
      null,
      [
        "ТРиЗБД",
        "Ишкулов",
        "102"
      ],
      [
        "13.00-13.30",
        "Час общения «Разговоры о важном»",
        "Сабурова",
        "Актовый зал"
      ],
      [
        "Осн философии",
        "Васильев",
        "702"
      ],
      [
        "ТРиЗБД",
        "Кузнецова",
        "300ц"
      ],
      [
        "ТРиЗБД",
        "Кузнецова",
        "300ц"
      ],
      null
    ]
  },
  {
    "groupName": "И-22-3п",
    "pairs": [
      null,
      [
        "Численные методы",
        "Ошуркова",
        "703"
      ],
      [
        "Численные методы",
        "Ошуркова",
        "703"
      ],
      [
        "13.00-13.30",
        "Час общения «Разговоры о важном»",
        "Газидуллина",
        "108"
      ],
      [
        "Прогр решения для бизнеса",
        "Черепанова",
        "305"
      ],
      [
        "КС",
        "Данилов",
        "203"
      ],
      null,
      null
    ]
  },
  {
    "groupName": "Ю-22-1",
    "pairs": [
      null,
      null,
      [
        "Уг право",
        "Газидуллина",
        "108"
      ],
      null,
      [
        "Уг процесс",
        "Газидуллина",
        "108"
      ],
      [
        "Физкультура",
        "Кайгородов",
        "Спортзал"
      ],
      null,
      null
    ]
  },
  {
    "groupName": "Ю-22-2п",
    "pairs": [
      null,
      null,
      null,
      [
        "13.00-13.30",
        "Час общения «Разговоры о важном»",
        "Пушкарев 608"
      ],
      [
        "Физкультура",
        "Кайгородов",
        "Спортзал"
      ],
      [
        "Экол право",
        "Артемичева",
        "205"
      ],
      [
        "Осн предприн",
        "Михалкина",
        "207"
      ],
      [
        "Осн управл в правоохр органах",
        "Михалкина",
        "207"
      ]
    ]
  },
  {
    "groupName": "Э-22-1",
    "pairs": [
      null,
      null,
      null,
      [
        "13.00-13.30",
        "Час общения «Разговоры о важном»",
        "Петрова",
        "104"
      ],
      [
        "Англ язык в ПД",
        "Варламова/",
        "Волкова",
        "208/306а"
      ],
      [
        "Эл/снабжение",
        "Пушин",
        "601"
      ],
      [
        "ОТЭиО эл и эл/мех оборуд",
        "Пушин",
        "601"
      ],
      null
    ]
  },
  {
    "groupName": "Т-22-1",
    "pairs": [
      null,
      null,
      null,
      [
        "13.00-13.30",
        "Час общения «Разговоры о важном»",
        "Петухова 203"
      ],
      [
        "ТЭ котельных установок",
        "Самойленко",
        "704"
      ],
      [
        "ТЭ систем теплоснабж",
        "Самойленко",
        "704"
      ],
      [
        "Физкультура",
        "Кайгородов",
        "Спортзал"
      ],
      null
    ]
  },
  {
    "groupName": "В-22-1",
    "pairs": [
      [
        "ТВиМС",
        "Камашева",
        "306"
      ],
      [
        "Осн предприн",
        "Неклюдова Т.А.",
        "302"
      ],
      [
        "ТВиМС",
        "Камашева",
        "306"
      ],
      null,
      null,
      null,
      null,
      null
    ]
  },
  {
    "groupName": "ЭР-22-1",
    "pairs": [
      null,
      [
        "Практика"
      ],
      null,
      null,
      null,
      null,
      null
    ]
  },
  {
    "groupName": "Ю-21-1",
    "pairs": [
      null,
      null,
      null,
      null,
      null,
      null,
      null,
      null
    ]
  },
  {
    "groupName": "Ю-21-2",
    "pairs": [
      null,
      null,
      null,
      [
        "13.00-13.30",
        "Час общения «Разговоры о важном»",
        "Рахимьянова 304"
      ],
      null,
      null,
      null,
      null
    ]
  },
  {
    "groupName": "И-21-1",
    "pairs": [
      null,
      null,
      null,
      [
        "13.00-13.30",
        "Час общения «Разговоры о важном»",
        "Варламова 403"
      ],
      [
        "Стандарт, сертиф и тех документовед",
        "Неклюдова С.Ю.",
        "701"
      ],
      [
        "Физкультура",
        "Перевозчиков",
        "Тренажерный зал"
      ],
      [
        "Стандарт, сертиф и тех документовед",
        "Неклюдова С.Ю.",
        "701"
      ],
      null
    ]
  },
  {
    "groupName": "И-21-2",
    "pairs": [
      null,
      null,
      null,
      null,
      [
        "Физкультура",
        "Перевозчиков",
        "Тренажерный зал"
      ],
      [
        "Осн предприн",
        "Неклюдова Т.А.",
        "302"
      ],
      [
        "Осн предприн",
        "Неклюдова Т.А.",
        "302"
      ],
      null
    ]
  },
  {
    "groupName": "И-21-3п",
    "pairs": [
      null,
      null,
      [
        "Практика",
        "Рахимьянова",
        "304"
      ],
      null,
      [
        "Практика",
        "Рахимьянова",
        "304"
      ],
      [
        "Практика",
        "Рахимьянова",
        "304"
      ],
      null,
      null
    ]
  },
  {
    "groupName": "В-21-1",
    "pairs": [
      null,
      null,
      [
        "12.00",
        "БКС",
        "Экзамен",
        "Жуйков",
        "300у"
      ],
      null,
      null,
      null,
      null,
      null
    ]
  },
  {
    "groupName": "З-21-1",
    "pairs": [
      null,
      null,
      null,
      null,
      null,
      [
        "Практика",
        "Камашева",
        "306"
      ],
      [
        "Практика",
        "Камашева",
        "306"
      ],
      [
        "Практика",
        "Камашева",
        "306"
      ]
    ]
  },
  {
    "groupName": "Т-21-1",
    "pairs": [
      [
        "Практика"
      ],
      null,
      null,
      null,
      null,
      null,
      null,
      null
    ]
  },
  {
    "groupName": "Э-21-1",
    "pairs": [
      null,
      null,
      null,
      null,
      [
        "Практика",
        "Мозгина",
        "209"
      ],
      [
        "Практика",
        "Мозгина",
        "209"
      ],
      [
        "Практика",
        "Мозгина",
        "209"
      ]
    ]
  }
]