[
  {
    "groupName": "Э-24-1",
    "pairs": [
      [
        "Математика",
        "Соковикова",
        "702"
      ],
      [
        "История",
        "Ефремова",
        "107"
      ],
      [
        "Англ язык",
        "Варламова/",
        "Волкова",
        "208/306а"
      ],
      [
        "Литература",
        "Созонова",
        "207"
      ],
      null,
      null
    ]
  },
  {
    "groupName": "Т-24-1",
    "pairs": [
      [
        "Физика",
        "Занина",
        "202"
      ],
      [
        "Русский язык",
        "Созонова",
        "207"
      ],
      [
        "Биология",
        "Семенов",
        "206"
      ],
      null,
      null,
      null
    ]
  },
  {
    "groupName": "И-24-1",
    "pairs": [
      [
        "География",
        "Шахова",
        "206"
      ],
      [
        "Физика",
        "Занина",
        "202"
      ],
      [
        "Информатика",
        "Кузнецова/",
        "Рахимьянова",
        "Дистанционно"
      ],
      null,
      null,
      null
    ]
  },
  {
    "groupName": "И-24-2п",
    "pairs": [
      [
        "Русский язык",
        "Созонова",
        "207"
      ],
      [
        "ТУД",
        "Тихонова",
        "Библиотека"
      ],
      [
        "Математика",
        "Соковикова",
        "702"
      ],
      null,
      null,
      null
    ]
  },
  {
    "groupName": "С-24-1п",
    "pairs": [
      [
        "Литература",
        "Плехова",
        "205"
      ],
      [
        "Математика",
        "Соковикова",
        "702"
      ],
      [
        "Англ язык",
        "Тику/",
        "Сабурова",
        "705/708"
      ],
      null,
      null,
      null
    ]
  },
  {
    "groupName": "В-24-1",
    "pairs": [
      [
        "ТУД",
        "Тихонова",
        "302"
      ],
      [
        "Математика",
        "Ошуркова",
        "703"
      ],
      [
        "Русский язык",
        "Плехова",
        "205"
      ],
      [
        "Математика",
        "Ошуркова",
        "703"
      ],
      null,
      null
    ]
  },
  {
    "groupName": "О-24-1",
    "pairs": [
      [
        "Информатика",
        "Вахрушева/",
        "Долгова",
        "102/209"
      ],
      [
        "Русский язык",
        "Плехова",
        "205"
      ],
      [
        "Физика",
        "Занина",
        "202"
      ],
      [
        "ОСиС",
        "Коновалов",
        "306"
      ],
      null,
      null
    ]
  },
  {
    "groupName": "З-24-1",
    "pairs": [
      [
        "Обществозн",
        "Ефремова",
        "107"
      ],
      [
        "БЖ",
        "Феденев",
        "708а"
      ],
      [
        "Математика",
        "Ошуркова",
        "703"
      ],
      [
        "Физика",
        "Занина",
        "202"
      ],
      null,
      null
    ]
  },
  {
    "groupName": "ЭР-24-1",
    "pairs": [
      [
        "История Ощепков",
        "108"
      ],
      [
        "Физкультура",
        "Кайгородов",
        "Спортзал"
      ],
      [
        "Обществозн",
        "Ощепков",
        "108"
      ],
      [
        "Математика",
        "Соковикова",
        "702"
      ],
      null,
      null
    ]
  },
  {
    "groupName": "Ю-24-1",
    "pairs": [
      [
        "Математика",
        "Тимошкин",
        "704"
      ],
      [
        "Физкультура",
        "Перевозчиков",
        "Тренажерный зал"
      ],
      [
        "Русский язык",
        "Созонова",
        "207"
      ],
      null,
      null,
      null,
      null
    ]
  },
  {
    "groupName": "Ю-24-2п",
    "pairs": [
      [
        "Англ язык",
        "Тику/",
        "Сабурова",
        "705/708"
      ],
      [
        "Математика",
        "Тимошкин",
        "704"
      ],
      [
        "Обществозн",
        "Ефремова",
        "107"
      ],
      [
        "Химия",
        "Семенов",
        "206"
      ],
      null,
      null,
      null
    ]
  },
  {
    "groupName": "М-24-1",
    "pairs": [
      [
        "ТУД",
        "Неклюдова С.Ю.",
        "701"
      ],
      [
        "География",
        "Шахова",
        "601"
      ],
      [
        "Информатика",
        "Долгова/",
        "Аверина",
        "209/203"
      ],
      null,
      null,
      null,
      null
    ]
  },
  {
    "groupName": "ЭР-23-1",
    "pairs": [
      [
        "Техн обесп бесперебойной работы эл/об",
        "Пушкарев",
        "608"
      ],
      [
        "Техн обесп бесперебойной работы эл/об",
        "Пушкарев",
        "608"
      ],
      null,
      null,
      null,
      null,
      null
    ]
  },
  {
    "groupName": "Э-23-1",
    "pairs": [
      null,
      null,
      [
        "Практика",
        "п/группа",
        "Пушин 601"
      ],
      [
        "Практика",
        "Пушин 601",
        "Пушкарев 606"
      ],
      [
        "Практика",
        "Пушин 601",
        "Пушкарев 606"
      ],
      [
        "Практика",
        "п/группа",
        "Пушкарев 606"
      ],
      null
    ]
  },
  {
    "groupName": "В-23-1",
    "pairs": [
      [
        "Адм сетевых ОС",
        "Жуйков",
        "300у"
      ],
      [
        "История",
        "Ощепков",
        "108"
      ],
      [
        "ОК проф",
        "Неклюдова",
        "701"
      ],
      [
        "Адм сетевых ОС",
        "Жуйков",
        "300у"
      ],
      null,
      null,
      null
    ]
  },
  {
    "groupName": "В-23-2",
    "pairs": [
      null,
      [
        "Адм сетевых ОС",
        "Жуйков",
        "300у"
      ],
      [
        "КС",
        "Жуйков",
        "300у"
      ],
      null,
      null,
      null,
      null
    ]
  },
  {
    "groupName": "З-23-1",
    "pairs": [
      [
        "Практика"
      ],
      null,
      null,
      null,
      null,
      null,
      null
    ]
  },
  {
    "groupName": "П-23-1п",
    "pairs": [
      [
        "Осн предприн",
        "Неклюдова Т.А.",
        "101"
      ],
      [
        "Трудовое право",
        "Олина С.В.",
        "206"
      ],
      [
        "Физкультура",
        "Кайгородов",
        "Спортзал"
      ],
      [
        "Эк организации",
        "Петухова",
        "305"
      ],
      null,
      null,
      null
    ]
  },
  {
    "groupName": "Ю-23-1",
    "pairs": [
      [
        "Гражд право и гражд процесс",
        "Артемичева",
        "707"
      ],
      [
        "Англ язык",
        "Тику/",
        "Сабурова",
        "705/708"
      ],
      [
        "Осн управл в правоохр органах",
        "Газидуллина",
        "104"
      ],
      [
        "Физкультура",
        "Перевозчиков",
        "Тренажерный зал"
      ],
      null,
      null,
      null
    ]
  },
  {
    "groupName": "Ю-23-2п",
    "pairs": [
      [
        "Физкультура",
        "Перевозчиков",
        "Тренажерный зал"
      ],
      [
        "Гражд право и гражд процесс",
        "Артемичева",
        "707"
      ],
      null,
      null,
      null,
      null,
      null
    ]
  },
  {
    "groupName": "Ю-23-3п",
    "pairs": [
      [
        "История, литерат, культ родного края",
        "Ильин",
        "Библиотека"
      ],
      [
        "Инф и ИТ в ПД",
        "Долгова/",
        "Вахрушева",
        "209/203"
      ],
      [
        "Гражд право и гражд процесс",
        "Артемичева",
        "707"
      ],
      null,
      null,
      null,
      null
    ]
  },
  {
    "groupName": "Т-23-1",
    "pairs": [
      [
        "ИГ",
        "Петрова",
        "104"
      ],
      [
        "ИГ",
        "Петрова",
        "104"
      ],
      [
        "ТОТиГ",
        "Пушкарев",
        "608"
      ],
      [
        "ИТ в ПД",
        "Аверина/",
        "Долгова",
        "203/209"
      ],
      null,
      null,
      null
    ]
  },
  {
    "groupName": "И-23-1",
    "pairs": [
      [
        "Осн проект БД",
        "Черепанова",
        "305"
      ],
      [
        "Осн проект БД",
        "Черепанова",
        "305"
      ],
      [
        "БЖ",
        "Феденев",
        "708а"
      ],
      null,
      null,
      null,
      null
    ]
  },
  {
    "groupName": "И-23-2",
    "pairs": [
      null,
      [
        "ИТ",
        "Кузнецова/",
        "Рахимьянова",
        "Дистанционно"
      ],
      [
        "Физкультура",
        "Перевозчиков",
        "Тренажерный зал"
      ],
      [
        "ОК проф",
        "Веселкова",
        "707"
      ],
      null,
      null,
      null
    ]
  },
  {
    "groupName": "И-23-3п",
    "pairs": [
      null,
      [
        "Арх АС",
        "Ишкулов",
        "102"
      ],
      [
        "Психология общения",
        "Тихонова",
        "Библиотека"
      ],
      [
        "Регионовед",
        "Ощепков",
        "108"
      ],
      [
        "Регионовед",
        "Ощепков",
        "Нац музей УР"
      ],
      null,
      null
    ]
  },
  {
    "groupName": "П-22-1п",
    "pairs": [
      null,
      null,
      null,
      [
        "Менеджмент",
        "Зачет",
        "Зорина",
        "205"
      ],
      [
        "ИТ в ПД",
        "Зачет",
        "Кузнецова 203",
        "Долгова 300у"
      ],
      [
        "Орг работы орг и учрежд",
        "соцзащ населения",
        "Ванюшева 207"
      ],
      [
        "Орг работы орг и учр соц защ населения",
        "Консультация",
        "Ванюшева 207"
      ]
    ]
  },
  {
    "groupName": "З-22-1",
    "pairs": [
      null,
      null,
      null,
      [
        "Англ язык в ПД",
        "Волкова/",
        "Варламова",
        "306а/208"
      ],
      [
        "ИТСФЗОИ",
        "Коновалов",
        "306"
      ],
      [
        "ПиПАС ЗИ",
        "Коновалов",
        "306"
      ],
      null
    ]
  },
  {
    "groupName": "И-22-1",
    "pairs": [
      null,
      null,
      [
        "Разработка кода ИС",
        "Ишкулов",
        "102"
      ],
      [
        "Менеджмент в ПД",
        "Неклюдова Т.А.",
        "302"
      ],
      [
        "Англ язык в ПД",
        "Волкова/",
        "Варламова",
        "306а/208"
      ],
      [
        "КС",
        "Данилов",
        "203"
      ],
      null
    ]
  },
  {
    "groupName": "И-22-2п",
    "pairs": [
      null,
      null,
      null,
      [
        "ТРиЗБД",
        "Ишкулов",
        "102"
      ],
      [
        "Англ язык в ПД",
        "Тику/",
        "Сабурова",
        "705/708"
      ],
      [
        "ТРиЗБД",
        "Кузнецова",
        "300у"
      ],
      null
    ]
  },
  {
    "groupName": "И-22-3п",
    "pairs": [
      null,
      null,
      null,
      [
        "Англ язык в ПД",
        "Тику/",
        "Сабурова",
        "705/708"
      ],
      [
        "Разработка кода ИС",
        "Ишкулов",
        "102"
      ],
      [
        "ТВиМС",
        "Павлов",
        "206"
      ],
      [
        "ТВиМС",
        "Павлов",
        "206"
      ]
    ]
  },
  {
    "groupName": "Ю-22-1",
    "pairs": [
      null,
      null,
      null,
      [
        "Уг процесс",
        "Газидуллина",
        "104"
      ],
      [
        "Физкультура",
        "Кайгородов",
        "Спортзал"
      ],
      [
        "Уг процесс",
        "Газидуллина",
        "104"
      ],
      null
    ]
  },
  {
    "groupName": "Ю-22-2п",
    "pairs": [
      null,
      null,
      null,
      [
        "Экол право",
        "Артемичева",
        "608"
      ],
      [
        "Уг право",
        "Газидуллина",
        "104"
      ],
      [
        "Осн управл в правоохр органах",
        "Михалкина",
        "202"
      ],
      [
        "Осн предприн",
        "Михалкина",
        "202"
      ]
    ]
  },
  {
    "groupName": "Э-22-1",
    "pairs": [
      null,
      null,
      null,
      null,
      [
        "Информатика",
        "Аверина/",
        "Рахимьянова",
        "Дистанционно"
      ],
      [
        "Эл и эл/мех оборуд",
        "Пушин",
        "601"
      ],
      [
        "ОТЭиО эл и эл/мех оборуд",
        "Пушин",
        "601"
      ]
    ]
  },
  {
    "groupName": "Т-22-1",
    "pairs": [
      null,
      [
        "Охрана труда",
        "Неклюдова С.Ю.",
        "701"
      ],
      [
        "ТЭ систем теплоснабж",
        "Самойленко",
        "704"
      ],
      [
        "ТЭ котельных установок",
        "Самойленко",
        "704"
      ],
      [
        "Ремонт оборуд тепловых сетей",
        "Самойленко",
        "704"
      ],
      null,
      null
    ]
  },
  {
    "groupName": "В-22-1",
    "pairs": [
      [
        "ЭОСИ",
        "Данилов",
        "203"
      ],
      [
        "Осн предприн",
        "Неклюдова Т.А.",
        "302"
      ],
      [
        "Осн проект БД",
        "Черепанова",
        "305"
      ],
      [
        "Физкультура",
        "Кайгородов",
        "Спортзал"
      ],
      null,
      null,
      null
    ]
  },
  {
    "groupName": "ЭР-22-1",
    "pairs": [
      [
        "Практика"
      ],
      null,
      null,
      null,
      null,
      null,
      null
    ]
  },
  {
    "groupName": "Ю-21-1",
    "pairs": [
      [
        "09.00",
        "Защита дипломной работы",
        "403"
      ],
      null,
      null,
      null,
      null,
      null,
      null
    ]
  },
  {
    "groupName": "Ю-21-2",
    "pairs": [
      null,
      null,
      null,
      null,
      null,
      null,
      null
    ]
  },
  {
    "groupName": "И-21-1",
    "pairs": [
      null,
      null,
      [
        "Осн предприн",
        "Неклюдова Т.А.",
        "302"
      ],
      [
        "Осн философии",
        "Ефремова",
        "107"
      ],
      [
        "Стандарт, сертиф  тех документовед",
        "Неклюдова С.Ю.",
        "701"
      ],
      [
        "Осн предприн",
        "Неклюдова Т.А.",
        "302"
      ],
      null
    ]
  },
  {
    "groupName": "И-21-2",
    "pairs": [
      null,
      null,
      null,
      [
        "БЖ",
        "Феденев",
        "708а"
      ],
      [
        "Осн предприн",
        "Неклюдова Т.А.",
        "302"
      ],
      [
        "Физкультура",
        "Перевозчиков",
        "Тренажерный зал"
      ],
      null
    ]
  },
  {
    "groupName": "И-21-3п",
    "pairs": [
      [
        "Практика",
        "Рахимьянова",
        "304"
      ],
      [
        "Практика",
        "Рахимьянова",
        "304"
      ],
      [
        "Практика",
        "Рахимьянова",
        "304"
      ],
      null,
      null,
      null,
      null
    ]
  },
  {
    "groupName": "В-21-1",
    "pairs": [
      null,
      null,
      null,
      [
        "Эффект повед на рынке труда",
        "Неклюдова С.Ю.",
        "701"
      ],
      [
        "Физкультура",
        "Перевозчиков",
        "Тренажерный зал"
      ],
      [
        "Англ язык",
        "Тику/",
        "Варламова",
        "705/208"
      ],
      null
    ]
  },
  {
    "groupName": "З-21-1",
    "pairs": [
      [
        "Практика",
        "Камашева",
        "306"
      ],
      [
        "Практика",
        "Камашева",
        "306"
      ],
      [
        "Практика",
        "Камашева",
        "306"
      ],
      null,
      null,
      null,
      null
    ]
  },
  {
    "groupName": "Т-21-1",
    "pairs": [
      [
        "Практика"
      ],
      null,
      null,
      null,
      null,
      null,
      null
    ]
  },
  {
    "groupName": "Э-21-1",
    "pairs": [
      null,
      null,
      null,
      null,
      [
        "Практика",
        "Мозгина",
        "209"
      ],
      [
        "Практика",
        "Мозгина",
        "209"
      ],
      [
        "Практика",
        "Мозгина",
        "209"
      ]
    ]
  }
]